"HITId","HITTypeId","Title","Description","Keywords","Reward","CreationTime","MaxAssignments","RequesterAnnotation","AssignmentDurationInSeconds","AutoApprovalDelayInSeconds","Expiration","NumberOfSimilarHITs","LifetimeInSeconds","AssignmentId","WorkerId","AssignmentStatus","AcceptTime","SubmitTime","AutoApprovalTime","ApprovalTime","RejectionTime","RequesterFeedback","WorkTimeInSeconds","LifetimeApprovalRate","Last30DaysApprovalRate","Last7DaysApprovalRate","Answer.surveycode","Approve","Reject"
"32204AGAABYLHSESPLPB3RQ3C6GHGY","3DCJP2JIFL2CWZ0726A7UMX2N8Q3CF","Predicting Future Criminal Offenses","Predict whether a person will commit a criminal offense in the future. [$5 potential bonus; 10-15 minutes]","survey, prediction","$1.00","Fri Jan 11 10:12:16 PST 2019","50","BatchId:3496858;OriginalHitTemplateId:920937340;","1200","259200","Fri Jan 18 10:12:16 PST 2019","","","3018Q3ZVOJCZJFDMPSFXATCP0BNRA5","A3J85WP15JFYW0","Submitted","Fri Jan 11 10:33:30 PST 2019","Fri Jan 11 10:41:15 PST 2019","Mon Jan 14 10:41:15 PST 2019","","","","465","100% (2/2)","0% (0/0)","0% (0/0)","nxspy5tewp17xpqvrdhh47yx1BB"
"32204AGAABYLHSESPLPB3RQ3C6GHGY","3DCJP2JIFL2CWZ0726A7UMX2N8Q3CF","Predicting Future Criminal Offenses","Predict whether a person will commit a criminal offense in the future. [$5 potential bonus; 10-15 minutes]","survey, prediction","$1.00","Fri Jan 11 10:12:16 PST 2019","50","BatchId:3496858;OriginalHitTemplateId:920937340;","1200","259200","Fri Jan 18 10:12:16 PST 2019","","","30BXRYBRP5JJ1Y2MUSZVEE7A5LVWHR","AB1N24V8DSV","Submitted","Fri Jan 11 11:04:20 PST 2019","Fri Jan 11 11:19:21 PST 2019","Mon Jan 14 11:19:21 PST 2019","","","","901","0% (0/0)","0% (0/0)","0% (0/0)","nxsdsdw7hoizotfr3ipogsuhq0"
"32204AGAABYLHSESPLPB3RQ3C6GHGY","3DCJP2JIFL2CWZ0726A7UMX2N8Q3CF","Predicting Future Criminal Offenses","Predict whether a person will commit a criminal offense in the future. [$5 potential bonus; 10-15 minutes]","survey, prediction","$1.00","Fri Jan 11 10:12:16 PST 2019","50","BatchId:3496858;OriginalHitTemplateId:920937340;","1200","259200","Fri Jan 18 10:12:16 PST 2019","","","30ZX6P7VF9HTGOZ548D92K70E67J24","A2I0ANKY20XQRX","Submitted","Fri Jan 11 10:54:27 PST 2019","Fri Jan 11 11:12:34 PST 2019","Mon Jan 14 11:12:34 PST 2019","","","","1087","100% (1/1)","0% (0/0)","0% (0/0)","nxsa1hggp77ks025q50dc4suh1"
"32204AGAABYLHSESPLPB3RQ3C6GHGY","3DCJP2JIFL2CWZ0726A7UMX2N8Q3CF","Predicting Future Criminal Offenses","Predict whether a person will commit a criminal offense in the future. [$5 potential bonus; 10-15 minutes]","survey, prediction","$1.00","Fri Jan 11 10:12:16 PST 2019","50","BatchId:3496858;OriginalHitTemplateId:920937340;","1200","259200","Fri Jan 18 10:12:16 PST 2019","","","317HQ483I8ETAZ4S89QTI7VYCMYIN7","A19DZAFFZEU6GN","Submitted","Fri Jan 11 10:40:33 PST 2019","Fri Jan 11 10:56:26 PST 2019","Mon Jan 14 10:56:26 PST 2019","","","","953","100% (1/1)","0% (0/0)","0% (0/0)","nxsvurtv1wwh2nasfud2uikwb1"
"32204AGAABYLHSESPLPB3RQ3C6GHGY","3DCJP2JIFL2CWZ0726A7UMX2N8Q3CF","Predicting Future Criminal Offenses","Predict whether a person will commit a criminal offense in the future. [$5 potential bonus; 10-15 minutes]","survey, prediction","$1.00","Fri Jan 11 10:12:16 PST 2019","50","BatchId:3496858;OriginalHitTemplateId:920937340;","1200","259200","Fri Jan 18 10:12:16 PST 2019","","","31JLPPHS2VGW2HMLOLJJTQTEJE6O3S","A1SHLWKA0UH1IS","Submitted","Fri Jan 11 10:32:59 PST 2019","Fri Jan 11 10:46:21 PST 2019","Mon Jan 14 10:46:21 PST 2019","","","","802","100% (5/5)","0% (0/0)","0% (0/0)","nxs1nyohps0iath0cp2wljaypd1BB"
"32204AGAABYLHSESPLPB3RQ3C6GHGY","3DCJP2JIFL2CWZ0726A7UMX2N8Q3CF","Predicting Future Criminal Offenses","Predict whether a person will commit a criminal offense in the future. [$5 potential bonus; 10-15 minutes]","survey, prediction","$1.00","Fri Jan 11 10:12:16 PST 2019","50","BatchId:3496858;OriginalHitTemplateId:920937340;","1200","259200","Fri Jan 18 10:12:16 PST 2019","","","31QTRG6Q2UZF3KVAS6PO8KUH2KXPYG","A2VFEDAK5C1E1O","Submitted","Fri Jan 11 10:33:20 PST 2019","Fri Jan 11 10:45:20 PST 2019","Mon Jan 14 10:45:20 PST 2019","","","","720","0% (0/0)","0% (0/0)","0% (0/0)","nxs6k1o3qpx6nuxivyjdg68ed1"
"32204AGAABYLHSESPLPB3RQ3C6GHGY","3DCJP2JIFL2CWZ0726A7UMX2N8Q3CF","Predicting Future Criminal Offenses","Predict whether a person will commit a criminal offense in the future. [$5 potential bonus; 10-15 minutes]","survey, prediction","$1.00","Fri Jan 11 10:12:16 PST 2019","50","BatchId:3496858;OriginalHitTemplateId:920937340;","1200","259200","Fri Jan 18 10:12:16 PST 2019","","","339ANSOTR6OS2TJPBWYDQFEUIRTIK2","AK3H5QRAROFGP","Submitted","Fri Jan 11 10:33:20 PST 2019","Fri Jan 11 10:46:10 PST 2019","Mon Jan 14 10:46:10 PST 2019","","","","770","100% (3/3)","0% (0/0)","0% (0/0)","nxslpfdoajdlibjwn6ea62ot1BB"
"32204AGAABYLHSESPLPB3RQ3C6GHGY","3DCJP2JIFL2CWZ0726A7UMX2N8Q3CF","Predicting Future Criminal Offenses","Predict whether a person will commit a criminal offense in the future. [$5 potential bonus; 10-15 minutes]","survey, prediction","$1.00","Fri Jan 11 10:12:16 PST 2019","50","BatchId:3496858;OriginalHitTemplateId:920937340;","1200","259200","Fri Jan 18 10:12:16 PST 2019","","","33LK57MYLURCL2L7G9V1HW8UVY8ZSX","A2JI88OO9BS59Y","Submitted","Fri Jan 11 10:18:00 PST 2019","Fri Jan 11 10:26:44 PST 2019","Mon Jan 14 10:26:44 PST 2019","","","","524","0% (0/0)","0% (0/0)","0% (0/0)","nxshlmq713rbeqzchxa2e3wd0"
"32204AGAABYLHSESPLPB3RQ3C6GHGY","3DCJP2JIFL2CWZ0726A7UMX2N8Q3CF","Predicting Future Criminal Offenses","Predict whether a person will commit a criminal offense in the future. [$5 potential bonus; 10-15 minutes]","survey, prediction","$1.00","Fri Jan 11 10:12:16 PST 2019","50","BatchId:3496858;OriginalHitTemplateId:920937340;","1200","259200","Fri Jan 18 10:12:16 PST 2019","","","33PPUNGG39R0KNLU1KVWRM3Y9WPZR9","A20X14OMRL0YPZ","Submitted","Fri Jan 11 10:41:45 PST 2019","Fri Jan 11 10:51:13 PST 2019","Mon Jan 14 10:51:13 PST 2019","","","","568","100% (4/4)","0% (0/0)","0% (0/0)","nxsc404dgihtvwkgrn7abr4is1"
"32204AGAABYLHSESPLPB3RQ3C6GHGY","3DCJP2JIFL2CWZ0726A7UMX2N8Q3CF","Predicting Future Criminal Offenses","Predict whether a person will commit a criminal offense in the future. [$5 potential bonus; 10-15 minutes]","survey, prediction","$1.00","Fri Jan 11 10:12:16 PST 2019","50","BatchId:3496858;OriginalHitTemplateId:920937340;","1200","259200","Fri Jan 18 10:12:16 PST 2019","","","35BLDD71I7JSDU2BA406SJS1U22ZV2","A2HSCKH5NKN5LP","Submitted","Fri Jan 11 10:53:56 PST 2019","Fri Jan 11 11:00:43 PST 2019","Mon Jan 14 11:00:43 PST 2019","","","","407","100% (23/23)","0% (0/0)","0% (0/0)","nxsc7v8rbi81otiw22hxdqce1"
"32204AGAABYLHSESPLPB3RQ3C6GHGY","3DCJP2JIFL2CWZ0726A7UMX2N8Q3CF","Predicting Future Criminal Offenses","Predict whether a person will commit a criminal offense in the future. [$5 potential bonus; 10-15 minutes]","survey, prediction","$1.00","Fri Jan 11 10:12:16 PST 2019","50","BatchId:3496858;OriginalHitTemplateId:920937340;","1200","259200","Fri Jan 18 10:12:16 PST 2019","","","3634BBTX0PGHM7RBAL7GA2MPAVGIF4","A11UBOE8N877JJ","Submitted","Fri Jan 11 10:30:05 PST 2019","Fri Jan 11 10:38:57 PST 2019","Mon Jan 14 10:38:57 PST 2019","","","","532","0% (0/0)","0% (0/0)","0% (0/0)","nxsnuzatukl0zltffoqi1xrt0"
"32204AGAABYLHSESPLPB3RQ3C6GHGY","3DCJP2JIFL2CWZ0726A7UMX2N8Q3CF","Predicting Future Criminal Offenses","Predict whether a person will commit a criminal offense in the future. [$5 potential bonus; 10-15 minutes]","survey, prediction","$1.00","Fri Jan 11 10:12:16 PST 2019","50","BatchId:3496858;OriginalHitTemplateId:920937340;","1200","259200","Fri Jan 18 10:12:16 PST 2019","","","36PW28KO40IAAB8H3MVXBMD6LM3EAL","A13KG877JUKJZO","Submitted","Fri Jan 11 10:55:29 PST 2019","Fri Jan 11 11:05:57 PST 2019","Mon Jan 14 11:05:57 PST 2019","","","","628","0% (0/0)","0% (0/0)","0% (0/0)","nxsqanovdpv4z6big5f3lg0p0"
"32204AGAABYLHSESPLPB3RQ3C6GHGY","3DCJP2JIFL2CWZ0726A7UMX2N8Q3CF","Predicting Future Criminal Offenses","Predict whether a person will commit a criminal offense in the future. [$5 potential bonus; 10-15 minutes]","survey, prediction","$1.00","Fri Jan 11 10:12:16 PST 2019","50","BatchId:3496858;OriginalHitTemplateId:920937340;","1200","259200","Fri Jan 18 10:12:16 PST 2019","","","36ZN444YTSKBSK449OQ6XWV32W3IOM","A1T79J0XQXDDGC","Submitted","Fri Jan 11 10:14:48 PST 2019","Fri Jan 11 10:31:23 PST 2019","Mon Jan 14 10:31:23 PST 2019","","","","995","100% (874/874)","0% (0/0)","0% (0/0)","I refreshed this survey at the end with the ranked items and it did not take me back but to the beginning. I did this survey in it's s entirety."
"32204AGAABYLHSESPLPB3RQ3C6GHGY","3DCJP2JIFL2CWZ0726A7UMX2N8Q3CF","Predicting Future Criminal Offenses","Predict whether a person will commit a criminal offense in the future. [$5 potential bonus; 10-15 minutes]","survey, prediction","$1.00","Fri Jan 11 10:12:16 PST 2019","50","BatchId:3496858;OriginalHitTemplateId:920937340;","1200","259200","Fri Jan 18 10:12:16 PST 2019","","","378XPAWRUDZMQGA3Z5LOW1BYDF0IAO","A2YVC1U50H2B4R","Submitted","Fri Jan 11 10:35:13 PST 2019","Fri Jan 11 10:41:10 PST 2019","Mon Jan 14 10:41:10 PST 2019","","","","357","100% (3/3)","0% (0/0)","0% (0/0)","nxsjjklkunnrq15emmukqnbb1BB"
"32204AGAABYLHSESPLPB3RQ3C6GHGY","3DCJP2JIFL2CWZ0726A7UMX2N8Q3CF","Predicting Future Criminal Offenses","Predict whether a person will commit a criminal offense in the future. [$5 potential bonus; 10-15 minutes]","survey, prediction","$1.00","Fri Jan 11 10:12:16 PST 2019","50","BatchId:3496858;OriginalHitTemplateId:920937340;","1200","259200","Fri Jan 18 10:12:16 PST 2019","","","37XITHEISXVNCUAK96BOGO2D0EBRCA","A289D98Z4GAZ28","Submitted","Fri Jan 11 10:44:09 PST 2019","Fri Jan 11 11:03:44 PST 2019","Mon Jan 14 11:03:44 PST 2019","","","","1175","0% (0/0)","0% (0/0)","0% (0/0)","nxszelq2ccjkkplpn5g9ui1BB"
"32204AGAABYLHSESPLPB3RQ3C6GHGY","3DCJP2JIFL2CWZ0726A7UMX2N8Q3CF","Predicting Future Criminal Offenses","Predict whether a person will commit a criminal offense in the future. [$5 potential bonus; 10-15 minutes]","survey, prediction","$1.00","Fri Jan 11 10:12:16 PST 2019","50","BatchId:3496858;OriginalHitTemplateId:920937340;","1200","259200","Fri Jan 18 10:12:16 PST 2019","","","39PAAFCODNMWRITC4CBO6VRK96GVTI","A3VTOW7WLPTBRR","Submitted","Fri Jan 11 10:40:13 PST 2019","Fri Jan 11 10:54:50 PST 2019","Mon Jan 14 10:54:50 PST 2019","","","","877","100% (1/1)","0% (0/0)","0% (0/0)","nxssf3e203d4boz6mape44r31"
"32204AGAABYLHSESPLPB3RQ3C6GHGY","3DCJP2JIFL2CWZ0726A7UMX2N8Q3CF","Predicting Future Criminal Offenses","Predict whether a person will commit a criminal offense in the future. [$5 potential bonus; 10-15 minutes]","survey, prediction","$1.00","Fri Jan 11 10:12:16 PST 2019","50","BatchId:3496858;OriginalHitTemplateId:920937340;","1200","259200","Fri Jan 18 10:12:16 PST 2019","","","3ATTHHXXWBAYMTIWAFD2G9MWE09XI7","A1SG8SYLTU11I","Submitted","Fri Jan 11 10:19:42 PST 2019","Fri Jan 11 10:29:13 PST 2019","Mon Jan 14 10:29:13 PST 2019","","","","571","0% (0/0)","0% (0/0)","0% (0/0)","nxscl0ygwqifaox792hctjnp1"
"32204AGAABYLHSESPLPB3RQ3C6GHGY","3DCJP2JIFL2CWZ0726A7UMX2N8Q3CF","Predicting Future Criminal Offenses","Predict whether a person will commit a criminal offense in the future. [$5 potential bonus; 10-15 minutes]","survey, prediction","$1.00","Fri Jan 11 10:12:16 PST 2019","50","BatchId:3496858;OriginalHitTemplateId:920937340;","1200","259200","Fri Jan 18 10:12:16 PST 2019","","","3DY46V3X3Q4D8M37XPBDZHR7GFT55V","A3J52FIOYGSFBJ","Submitted","Fri Jan 11 10:22:57 PST 2019","Fri Jan 11 10:29:05 PST 2019","Mon Jan 14 10:29:05 PST 2019","","","","368","0% (0/0)","0% (0/0)","0% (0/0)","nxs2mup9r1c1np3b165kk4ys60"
"32204AGAABYLHSESPLPB3RQ3C6GHGY","3DCJP2JIFL2CWZ0726A7UMX2N8Q3CF","Predicting Future Criminal Offenses","Predict whether a person will commit a criminal offense in the future. [$5 potential bonus; 10-15 minutes]","survey, prediction","$1.00","Fri Jan 11 10:12:16 PST 2019","50","BatchId:3496858;OriginalHitTemplateId:920937340;","1200","259200","Fri Jan 18 10:12:16 PST 2019","","","3DY4FPOOA2AJB3GK0N6T6GQ2LLNRV5","A1ZBA0AUWAO1TS","Submitted","Fri Jan 11 10:35:54 PST 2019","Fri Jan 11 10:43:58 PST 2019","Mon Jan 14 10:43:58 PST 2019","","","","484","0% (0/0)","0% (0/0)","0% (0/0)","nxs8hpo7usf8zasn0h61gp670"
"32204AGAABYLHSESPLPB3RQ3C6GHGY","3DCJP2JIFL2CWZ0726A7UMX2N8Q3CF","Predicting Future Criminal Offenses","Predict whether a person will commit a criminal offense in the future. [$5 potential bonus; 10-15 minutes]","survey, prediction","$1.00","Fri Jan 11 10:12:16 PST 2019","50","BatchId:3496858;OriginalHitTemplateId:920937340;","1200","259200","Fri Jan 18 10:12:16 PST 2019","","","3E7TUJ2EGD8RDMKCFL6D99K1FS9D91","A1HF8F8FQLNCSG","Submitted","Fri Jan 11 10:12:27 PST 2019","Fri Jan 11 10:22:53 PST 2019","Mon Jan 14 10:22:53 PST 2019","","","","626","0% (0/0)","0% (0/0)","0% (0/0)","nxsv2qhu12fkkahgjb5vg5k1"
"32204AGAABYLHSESPLPB3RQ3C6GHGY","3DCJP2JIFL2CWZ0726A7UMX2N8Q3CF","Predicting Future Criminal Offenses","Predict whether a person will commit a criminal offense in the future. [$5 potential bonus; 10-15 minutes]","survey, prediction","$1.00","Fri Jan 11 10:12:16 PST 2019","50","BatchId:3496858;OriginalHitTemplateId:920937340;","1200","259200","Fri Jan 18 10:12:16 PST 2019","","","3EJJQNKU9SRET2L0VYPPRFZTD6CHR5","A6EJ7EU0KMGPL","Submitted","Fri Jan 11 10:26:30 PST 2019","Fri Jan 11 10:41:40 PST 2019","Mon Jan 14 10:41:40 PST 2019","","","","910","100% (60/60)","0% (0/0)","0% (0/0)","nxs389sqft37y73bjjbxzvg731"
"32204AGAABYLHSESPLPB3RQ3C6GHGY","3DCJP2JIFL2CWZ0726A7UMX2N8Q3CF","Predicting Future Criminal Offenses","Predict whether a person will commit a criminal offense in the future. [$5 potential bonus; 10-15 minutes]","survey, prediction","$1.00","Fri Jan 11 10:12:16 PST 2019","50","BatchId:3496858;OriginalHitTemplateId:920937340;","1200","259200","Fri Jan 18 10:12:16 PST 2019","","","3EKVH9QMEZQGD2ZDUCRYZMCN9M02DZ","A2OD1KB2YCZ2SE","Submitted","Fri Jan 11 10:32:59 PST 2019","Fri Jan 11 10:48:10 PST 2019","Mon Jan 14 10:48:10 PST 2019","","","","911","100% (1/1)","100% (1/1)","100% (1/1)","A2OD1KB2YCZ2SE"
"32204AGAABYLHSESPLPB3RQ3C6GHGY","3DCJP2JIFL2CWZ0726A7UMX2N8Q3CF","Predicting Future Criminal Offenses","Predict whether a person will commit a criminal offense in the future. [$5 potential bonus; 10-15 minutes]","survey, prediction","$1.00","Fri Jan 11 10:12:16 PST 2019","50","BatchId:3496858;OriginalHitTemplateId:920937340;","1200","259200","Fri Jan 18 10:12:16 PST 2019","","","3EKVH9QMEZQGD2ZDUCRYZMCN9M92D8","A1Z1O6MMOB3UWW","Submitted","Fri Jan 11 10:48:38 PST 2019","Fri Jan 11 11:00:22 PST 2019","Mon Jan 14 11:00:22 PST 2019","","","","704","0% (0/0)","0% (0/0)","0% (0/0)","nxsqmdz28pe8xqplz02su3j1"
"32204AGAABYLHSESPLPB3RQ3C6GHGY","3DCJP2JIFL2CWZ0726A7UMX2N8Q3CF","Predicting Future Criminal Offenses","Predict whether a person will commit a criminal offense in the future. [$5 potential bonus; 10-15 minutes]","survey, prediction","$1.00","Fri Jan 11 10:12:16 PST 2019","50","BatchId:3496858;OriginalHitTemplateId:920937340;","1200","259200","Fri Jan 18 10:12:16 PST 2019","","","3FK0YFF9P02B4AX197B37DF56RWVVY","AA4KKLIU4C3NY","Submitted","Fri Jan 11 10:12:43 PST 2019","Fri Jan 11 10:30:45 PST 2019","Mon Jan 14 10:30:45 PST 2019","","","","1082","100% (11/11)","0% (0/0)","0% (0/0)","nxs5zirkmpcclueivnmu6lad80"
"32204AGAABYLHSESPLPB3RQ3C6GHGY","3DCJP2JIFL2CWZ0726A7UMX2N8Q3CF","Predicting Future Criminal Offenses","Predict whether a person will commit a criminal offense in the future. [$5 potential bonus; 10-15 minutes]","survey, prediction","$1.00","Fri Jan 11 10:12:16 PST 2019","50","BatchId:3496858;OriginalHitTemplateId:920937340;","1200","259200","Fri Jan 18 10:12:16 PST 2019","","","3HWRJOOET6OEA7UBKMHOWM7C7SZSEK","A3A8CWEW9J1DP7","Submitted","Fri Jan 11 10:26:30 PST 2019","Fri Jan 11 10:43:40 PST 2019","Mon Jan 14 10:43:40 PST 2019","","","","1030","0% (0/0)","0% (0/0)","0% (0/0)","nxsrxd5zlz9cy0pvzf95zkico1BB"
"32204AGAABYLHSESPLPB3RQ3C6GHGY","3DCJP2JIFL2CWZ0726A7UMX2N8Q3CF","Predicting Future Criminal Offenses","Predict whether a person will commit a criminal offense in the future. [$5 potential bonus; 10-15 minutes]","survey, prediction","$1.00","Fri Jan 11 10:12:16 PST 2019","50","BatchId:3496858;OriginalHitTemplateId:920937340;","1200","259200","Fri Jan 18 10:12:16 PST 2019","","","3HYA4D452S5DBMD9LIMONMF8LZG2FA","A3KC26Z78FBOJT","Submitted","Fri Jan 11 10:17:33 PST 2019","Fri Jan 11 10:29:11 PST 2019","Mon Jan 14 10:29:11 PST 2019","","","","698","100% (6/6)","0% (0/0)","0% (0/0)","nxsq65m3yt7hgts88wpesjuj1"
"32204AGAABYLHSESPLPB3RQ3C6GHGY","3DCJP2JIFL2CWZ0726A7UMX2N8Q3CF","Predicting Future Criminal Offenses","Predict whether a person will commit a criminal offense in the future. [$5 potential bonus; 10-15 minutes]","survey, prediction","$1.00","Fri Jan 11 10:12:16 PST 2019","50","BatchId:3496858;OriginalHitTemplateId:920937340;","1200","259200","Fri Jan 18 10:12:16 PST 2019","","","3I0BTBYZAY7CF3RQBLAYTJT9UCLY0I","A2AEY7AGQYBN6X","Submitted","Fri Jan 11 10:12:44 PST 2019","Fri Jan 11 10:24:40 PST 2019","Mon Jan 14 10:24:40 PST 2019","","","","716","0% (0/0)","0% (0/0)","0% (0/0)","nxsth64vnc3kriosvaeck47991"
"32204AGAABYLHSESPLPB3RQ3C6GHGY","3DCJP2JIFL2CWZ0726A7UMX2N8Q3CF","Predicting Future Criminal Offenses","Predict whether a person will commit a criminal offense in the future. [$5 potential bonus; 10-15 minutes]","survey, prediction","$1.00","Fri Jan 11 10:12:16 PST 2019","50","BatchId:3496858;OriginalHitTemplateId:920937340;","1200","259200","Fri Jan 18 10:12:16 PST 2019","","","3I3WADAZ9RQZGW9P247C8NRYXAXO5I","A2KYOM2ZGYDJGT","Submitted","Fri Jan 11 10:27:21 PST 2019","Fri Jan 11 10:42:37 PST 2019","Mon Jan 14 10:42:37 PST 2019","","","","916","100% (1/1)","0% (0/0)","0% (0/0)","nxsvp86ihiow46tli57tmbo50"
"32204AGAABYLHSESPLPB3RQ3C6GHGY","3DCJP2JIFL2CWZ0726A7UMX2N8Q3CF","Predicting Future Criminal Offenses","Predict whether a person will commit a criminal offense in the future. [$5 potential bonus; 10-15 minutes]","survey, prediction","$1.00","Fri Jan 11 10:12:16 PST 2019","50","BatchId:3496858;OriginalHitTemplateId:920937340;","1200","259200","Fri Jan 18 10:12:16 PST 2019","","","3IKZ72A5B529082271K8FAI6WU7FNE","AH31QLJ57XC8W","Submitted","Fri Jan 11 10:21:04 PST 2019","Fri Jan 11 10:28:42 PST 2019","Mon Jan 14 10:28:42 PST 2019","","","","458","100% (4/4)","0% (0/0)","0% (0/0)","nxsvvsevpk4fgo5u0avvryaem0"
"32204AGAABYLHSESPLPB3RQ3C6GHGY","3DCJP2JIFL2CWZ0726A7UMX2N8Q3CF","Predicting Future Criminal Offenses","Predict whether a person will commit a criminal offense in the future. [$5 potential bonus; 10-15 minutes]","survey, prediction","$1.00","Fri Jan 11 10:12:16 PST 2019","50","BatchId:3496858;OriginalHitTemplateId:920937340;","1200","259200","Fri Jan 18 10:12:16 PST 2019","","","3IO1LGZLKAJSE8MN06SL37FYE0586G","A2ESE3IBTNAEB7","Submitted","Fri Jan 11 10:38:24 PST 2019","Fri Jan 11 10:52:07 PST 2019","Mon Jan 14 10:52:07 PST 2019","","","","823","0% (0/0)","0% (0/0)","0% (0/0)","nxsgb855otewsqdmgsu0tsyb61BB"
"32204AGAABYLHSESPLPB3RQ3C6GHGY","3DCJP2JIFL2CWZ0726A7UMX2N8Q3CF","Predicting Future Criminal Offenses","Predict whether a person will commit a criminal offense in the future. [$5 potential bonus; 10-15 minutes]","survey, prediction","$1.00","Fri Jan 11 10:12:16 PST 2019","50","BatchId:3496858;OriginalHitTemplateId:920937340;","1200","259200","Fri Jan 18 10:12:16 PST 2019","","","3IUZPWIU1PTA3O3U0D2SR6N2X2ZKWJ","A1NCSZCN8EA787","Submitted","Fri Jan 11 10:45:32 PST 2019","Fri Jan 11 10:55:20 PST 2019","Mon Jan 14 10:55:20 PST 2019","","","","588","100% (1/1)","0% (0/0)","0% (0/0)","nxsxfv5m1ea0rnwz1lnuli951"
"32204AGAABYLHSESPLPB3RQ3C6GHGY","3DCJP2JIFL2CWZ0726A7UMX2N8Q3CF","Predicting Future Criminal Offenses","Predict whether a person will commit a criminal offense in the future. [$5 potential bonus; 10-15 minutes]","survey, prediction","$1.00","Fri Jan 11 10:12:16 PST 2019","50","BatchId:3496858;OriginalHitTemplateId:920937340;","1200","259200","Fri Jan 18 10:12:16 PST 2019","","","3J88R45B2HKQ3F50NA3MP6N80E3PXA","A19G8ONKY3FQNM","Submitted","Fri Jan 11 10:18:40 PST 2019","Fri Jan 11 10:35:46 PST 2019","Mon Jan 14 10:35:46 PST 2019","","","","1026","0% (0/0)","0% (0/0)","0% (0/0)","A19G8ONKY3FQNM, was running out of time so sending my worker ID ahead."
"32204AGAABYLHSESPLPB3RQ3C6GHGY","3DCJP2JIFL2CWZ0726A7UMX2N8Q3CF","Predicting Future Criminal Offenses","Predict whether a person will commit a criminal offense in the future. [$5 potential bonus; 10-15 minutes]","survey, prediction","$1.00","Fri Jan 11 10:12:16 PST 2019","50","BatchId:3496858;OriginalHitTemplateId:920937340;","1200","259200","Fri Jan 18 10:12:16 PST 2019","","","3K2755HG5TP0EWBPI765J56CIQ5FDW","AT0COJ1G23ZB0","Submitted","Fri Jan 11 10:17:23 PST 2019","Fri Jan 11 10:24:57 PST 2019","Mon Jan 14 10:24:57 PST 2019","","","","454","100% (1/1)","0% (0/0)","0% (0/0)","nxsqxgxzk7dwdlxgk33voe1BB"
"32204AGAABYLHSESPLPB3RQ3C6GHGY","3DCJP2JIFL2CWZ0726A7UMX2N8Q3CF","Predicting Future Criminal Offenses","Predict whether a person will commit a criminal offense in the future. [$5 potential bonus; 10-15 minutes]","survey, prediction","$1.00","Fri Jan 11 10:12:16 PST 2019","50","BatchId:3496858;OriginalHitTemplateId:920937340;","1200","259200","Fri Jan 18 10:12:16 PST 2019","","","3KAKFY4PGVOM6VBIQQ6E9TXS758I3S","A1L59U19TZYC7Q","Submitted","Fri Jan 11 10:16:47 PST 2019","Fri Jan 11 10:33:32 PST 2019","Mon Jan 14 10:33:32 PST 2019","","","","1005","0% (0/0)","0% (0/0)","0% (0/0)","nxsjruxc3t6sgl65aiblhv8ew1BB"
"32204AGAABYLHSESPLPB3RQ3C6GHGY","3DCJP2JIFL2CWZ0726A7UMX2N8Q3CF","Predicting Future Criminal Offenses","Predict whether a person will commit a criminal offense in the future. [$5 potential bonus; 10-15 minutes]","survey, prediction","$1.00","Fri Jan 11 10:12:16 PST 2019","50","BatchId:3496858;OriginalHitTemplateId:920937340;","1200","259200","Fri Jan 18 10:12:16 PST 2019","","","3KIBXJ1WD6G2YFUS9RBIACAGU0VKO2","A11MCPY8W4U6FL","Submitted","Fri Jan 11 10:30:05 PST 2019","Fri Jan 11 10:43:14 PST 2019","Mon Jan 14 10:43:14 PST 2019","","","","789","100% (3/3)","0% (0/0)","0% (0/0)","nxspbkp9hix2h0mxnp2zlk3km1BB"
"32204AGAABYLHSESPLPB3RQ3C6GHGY","3DCJP2JIFL2CWZ0726A7UMX2N8Q3CF","Predicting Future Criminal Offenses","Predict whether a person will commit a criminal offense in the future. [$5 potential bonus; 10-15 minutes]","survey, prediction","$1.00","Fri Jan 11 10:12:16 PST 2019","50","BatchId:3496858;OriginalHitTemplateId:920937340;","1200","259200","Fri Jan 18 10:12:16 PST 2019","","","3LEP4MGT3HMA1FZ9D5K90FFR3SCDBB","AEF74ZYJTTEIA","Submitted","Fri Jan 11 10:12:42 PST 2019","Fri Jan 11 10:22:43 PST 2019","Mon Jan 14 10:22:43 PST 2019","","","","601","100% (5/5)","0% (0/0)","0% (0/0)","nxshv9keortasjq1ys5j1erji1BB"
"32204AGAABYLHSESPLPB3RQ3C6GHGY","3DCJP2JIFL2CWZ0726A7UMX2N8Q3CF","Predicting Future Criminal Offenses","Predict whether a person will commit a criminal offense in the future. [$5 potential bonus; 10-15 minutes]","survey, prediction","$1.00","Fri Jan 11 10:12:16 PST 2019","50","BatchId:3496858;OriginalHitTemplateId:920937340;","1200","259200","Fri Jan 18 10:12:16 PST 2019","","","3LQ8PUHQFME103IH5BVGDNY2QAPIHY","A1US6ERXWUS643","Submitted","Fri Jan 11 10:12:27 PST 2019","Fri Jan 11 10:29:16 PST 2019","Mon Jan 14 10:29:16 PST 2019","","","","1009","0% (0/0)","0% (0/0)","0% (0/0)","nxsg6cjryrl4h3pqw5ly9b9l0"
"32204AGAABYLHSESPLPB3RQ3C6GHGY","3DCJP2JIFL2CWZ0726A7UMX2N8Q3CF","Predicting Future Criminal Offenses","Predict whether a person will commit a criminal offense in the future. [$5 potential bonus; 10-15 minutes]","survey, prediction","$1.00","Fri Jan 11 10:12:16 PST 2019","50","BatchId:3496858;OriginalHitTemplateId:920937340;","1200","259200","Fri Jan 18 10:12:16 PST 2019","","","3MYYFCXHJ4TTS0OR0GBUYMCI6SBG4I","A2PZG5F8RIESH9","Submitted","Fri Jan 11 10:20:33 PST 2019","Fri Jan 11 10:30:56 PST 2019","Mon Jan 14 10:30:56 PST 2019","","","","623","0% (0/0)","0% (0/0)","0% (0/0)","nxs1kys61r7y3hmzr5lezku7p0"
"32204AGAABYLHSESPLPB3RQ3C6GHGY","3DCJP2JIFL2CWZ0726A7UMX2N8Q3CF","Predicting Future Criminal Offenses","Predict whether a person will commit a criminal offense in the future. [$5 potential bonus; 10-15 minutes]","survey, prediction","$1.00","Fri Jan 11 10:12:16 PST 2019","50","BatchId:3496858;OriginalHitTemplateId:920937340;","1200","259200","Fri Jan 18 10:12:16 PST 2019","","","3NPI0JQDAPRJMYWGI02P0322NIFPTR","A5T9IFDZ3W4T6","Submitted","Fri Jan 11 10:58:15 PST 2019","Fri Jan 11 11:08:36 PST 2019","Mon Jan 14 11:08:36 PST 2019","","","","621","100% (10/10)","0% (0/0)","0% (0/0)","nxsu0vjj8pew9gcqcea5fyi1"
"32204AGAABYLHSESPLPB3RQ3C6GHGY","3DCJP2JIFL2CWZ0726A7UMX2N8Q3CF","Predicting Future Criminal Offenses","Predict whether a person will commit a criminal offense in the future. [$5 potential bonus; 10-15 minutes]","survey, prediction","$1.00","Fri Jan 11 10:12:16 PST 2019","50","BatchId:3496858;OriginalHitTemplateId:920937340;","1200","259200","Fri Jan 18 10:12:16 PST 2019","","","3OVR4I9USQ5K5PI53CG6S0GKCFYQ41","A27CEAL8PWSAG5","Submitted","Fri Jan 11 11:05:32 PST 2019","Fri Jan 11 11:15:35 PST 2019","Mon Jan 14 11:15:35 PST 2019","","","","603","100% (1/1)","0% (0/0)","0% (0/0)","nxshn7r7z71ohafiqmc5hwlns1"
"32204AGAABYLHSESPLPB3RQ3C6GHGY","3DCJP2JIFL2CWZ0726A7UMX2N8Q3CF","Predicting Future Criminal Offenses","Predict whether a person will commit a criminal offense in the future. [$5 potential bonus; 10-15 minutes]","survey, prediction","$1.00","Fri Jan 11 10:12:16 PST 2019","50","BatchId:3496858;OriginalHitTemplateId:920937340;","1200","259200","Fri Jan 18 10:12:16 PST 2019","","","3PEIJLRY6UFGNO21ZWHHH0V4TB6XWD","A3LPHYONE222OY","Submitted","Fri Jan 11 10:12:26 PST 2019","Fri Jan 11 10:25:15 PST 2019","Mon Jan 14 10:25:15 PST 2019","","","","769","0% (0/0)","0% (0/0)","0% (0/0)","nxsxbvd908pl1ny97xvu2c06s1BB"
"32204AGAABYLHSESPLPB3RQ3C6GHGY","3DCJP2JIFL2CWZ0726A7UMX2N8Q3CF","Predicting Future Criminal Offenses","Predict whether a person will commit a criminal offense in the future. [$5 potential bonus; 10-15 minutes]","survey, prediction","$1.00","Fri Jan 11 10:12:16 PST 2019","50","BatchId:3496858;OriginalHitTemplateId:920937340;","1200","259200","Fri Jan 18 10:12:16 PST 2019","","","3PWWM24LHTK4W73MD4GIDUYMYVC828","A2EJ7U3TZAKROG","Submitted","Fri Jan 11 10:49:39 PST 2019","Fri Jan 11 11:00:02 PST 2019","Mon Jan 14 11:00:02 PST 2019","","","","623","100% (2/2)","0% (0/0)","0% (0/0)","nxs2ersnveyl7qiq32bi8wsg1"
"32204AGAABYLHSESPLPB3RQ3C6GHGY","3DCJP2JIFL2CWZ0726A7UMX2N8Q3CF","Predicting Future Criminal Offenses","Predict whether a person will commit a criminal offense in the future. [$5 potential bonus; 10-15 minutes]","survey, prediction","$1.00","Fri Jan 11 10:12:16 PST 2019","50","BatchId:3496858;OriginalHitTemplateId:920937340;","1200","259200","Fri Jan 18 10:12:16 PST 2019","","","3R2PKQ87NXUNSHJSW8BT5S6Y7WOIM7","API17TMVQ2J7Z","Submitted","Fri Jan 11 10:33:09 PST 2019","Fri Jan 11 10:41:14 PST 2019","Mon Jan 14 10:41:14 PST 2019","","","","485","0% (0/0)","0% (0/0)","0% (0/0)","nxshigvlv75q765zcmyv9fjc1"
"32204AGAABYLHSESPLPB3RQ3C6GHGY","3DCJP2JIFL2CWZ0726A7UMX2N8Q3CF","Predicting Future Criminal Offenses","Predict whether a person will commit a criminal offense in the future. [$5 potential bonus; 10-15 minutes]","survey, prediction","$1.00","Fri Jan 11 10:12:16 PST 2019","50","BatchId:3496858;OriginalHitTemplateId:920937340;","1200","259200","Fri Jan 18 10:12:16 PST 2019","","","3S3AMIZX3VRTBKRFR5G4BZL9LDCDCI","AOOGCOBAZBWJ2","Submitted","Fri Jan 11 10:13:26 PST 2019","Fri Jan 11 10:24:32 PST 2019","Mon Jan 14 10:24:32 PST 2019","","","","666","100% (1/1)","0% (0/0)","0% (0/0)","nxsryo0ll3lyiguuh6thtgtkk1BB"
"32204AGAABYLHSESPLPB3RQ3C6GHGY","3DCJP2JIFL2CWZ0726A7UMX2N8Q3CF","Predicting Future Criminal Offenses","Predict whether a person will commit a criminal offense in the future. [$5 potential bonus; 10-15 minutes]","survey, prediction","$1.00","Fri Jan 11 10:12:16 PST 2019","50","BatchId:3496858;OriginalHitTemplateId:920937340;","1200","259200","Fri Jan 18 10:12:16 PST 2019","","","3STRJBFXOXDIB7Z058XH4MG3T8DKTP","AOTWH0KZLKD9M","Submitted","Fri Jan 11 10:30:05 PST 2019","Fri Jan 11 10:42:34 PST 2019","Mon Jan 14 10:42:34 PST 2019","","","","749","0% (0/0)","0% (0/0)","0% (0/0)","nxspsfrxgu9exb19kgxtrod4k0"
"32204AGAABYLHSESPLPB3RQ3C6GHGY","3DCJP2JIFL2CWZ0726A7UMX2N8Q3CF","Predicting Future Criminal Offenses","Predict whether a person will commit a criminal offense in the future. [$5 potential bonus; 10-15 minutes]","survey, prediction","$1.00","Fri Jan 11 10:12:16 PST 2019","50","BatchId:3496858;OriginalHitTemplateId:920937340;","1200","259200","Fri Jan 18 10:12:16 PST 2019","","","3TK8OJTYM27YZQ05NV241LQNK3VVPD","AMVMMYZIHCA1F","Submitted","Fri Jan 11 10:14:38 PST 2019","Fri Jan 11 10:30:49 PST 2019","Mon Jan 14 10:30:49 PST 2019","","","","971","0% (0/0)","0% (0/0)","0% (0/0)","nxsl5amuh1jino10evn8dab0"
"32204AGAABYLHSESPLPB3RQ3C6GHGY","3DCJP2JIFL2CWZ0726A7UMX2N8Q3CF","Predicting Future Criminal Offenses","Predict whether a person will commit a criminal offense in the future. [$5 potential bonus; 10-15 minutes]","survey, prediction","$1.00","Fri Jan 11 10:12:16 PST 2019","50","BatchId:3496858;OriginalHitTemplateId:920937340;","1200","259200","Fri Jan 18 10:12:16 PST 2019","","","3U8YCDAGXQ236104KBT4GXQ7V34Q07","AJFJ6VXZJKSXD","Submitted","Fri Jan 11 10:12:44 PST 2019","Fri Jan 11 10:28:47 PST 2019","Mon Jan 14 10:28:47 PST 2019","","","","963","100% (1/1)","0% (0/0)","0% (0/0)","nxsp2ajydfrfts7o67pk01ibu1BB"
"32204AGAABYLHSESPLPB3RQ3C6GHGY","3DCJP2JIFL2CWZ0726A7UMX2N8Q3CF","Predicting Future Criminal Offenses","Predict whether a person will commit a criminal offense in the future. [$5 potential bonus; 10-15 minutes]","survey, prediction","$1.00","Fri Jan 11 10:12:16 PST 2019","50","BatchId:3496858;OriginalHitTemplateId:920937340;","1200","259200","Fri Jan 18 10:12:16 PST 2019","","","3URFVVM1664S0FDB5EQ1WXQIGVTZUD","A30UE6DWFNUCWX","Submitted","Fri Jan 11 10:12:43 PST 2019","Fri Jan 11 10:20:41 PST 2019","Mon Jan 14 10:20:41 PST 2019","","","","478","0% (0/0)","0% (0/0)","0% (0/0)","nxsvjnhjwz97yll4kb74vx6cc0"
"32204AGAABYLHSESPLPB3RQ3C6GHGY","3DCJP2JIFL2CWZ0726A7UMX2N8Q3CF","Predicting Future Criminal Offenses","Predict whether a person will commit a criminal offense in the future. [$5 potential bonus; 10-15 minutes]","survey, prediction","$1.00","Fri Jan 11 10:12:16 PST 2019","50","BatchId:3496858;OriginalHitTemplateId:920937340;","1200","259200","Fri Jan 18 10:12:16 PST 2019","","","3WEV0KO0ONE9I1GBOR64Q4PR7G9DSN","AEBMA5BAWFBMJ","Submitted","Fri Jan 11 10:54:27 PST 2019","Fri Jan 11 11:05:22 PST 2019","Mon Jan 14 11:05:22 PST 2019","","","","655","100% (8/8)","0% (0/0)","0% (0/0)","nxsqcf407zmexwys1qbrkyxs1BB"
"32204AGAABYLHSESPLPB3RQ3C6GHGY","3DCJP2JIFL2CWZ0726A7UMX2N8Q3CF","Predicting Future Criminal Offenses","Predict whether a person will commit a criminal offense in the future. [$5 potential bonus; 10-15 minutes]","survey, prediction","$1.00","Fri Jan 11 10:12:16 PST 2019","50","BatchId:3496858;OriginalHitTemplateId:920937340;","1200","259200","Fri Jan 18 10:12:16 PST 2019","","","3ZSANO2JCGT6GLU7FX1UE4SCJTESF2","A1TYP11M6YZUK8","Submitted","Fri Jan 11 10:12:44 PST 2019","Fri Jan 11 10:28:20 PST 2019","Mon Jan 14 10:28:20 PST 2019","","","","936","100% (1/1)","0% (0/0)","0% (0/0)","nxs2n36li9xefctipc98zb99srs1"